tasks,average_utilization,average utilization
1,,0.1523915690104147
8,,0.13570329861109875
15,,0.10044148871527094
22,,0.07789512369791302
29,,0.06933916015624793
36,,0.0609333138020821
43,,0.052304463975693674
50,,0.052285088975693686
57,,0.052036814236110424
